cycle,time_ns,rst_n,bus_write,cmd,core_state,core_busy,done_latch,error_latch,key_valid,key_locked,sign_valid,provision_owner,sign_owner,provision_start,sign_start,zeroize,key_state,sign_state,nonce_busy,nonce_done,scalar_start,scalar_busy,scalar_done,inv_start,inv_busy,inv_done,mul_start,mul_busy,mul_done,sign_done,add_busy
0,0,0,0,0,0,0,0,0,0,0,0,0,0,0,0,0,0,0,0,0,0,0,0,0,0,0,0,0,0,0,0
2,80,1,0,0,0,0,0,0,0,0,0,0,0,0,0,0,0,0,0,0,0,0,0,0,0,0,0,0,0,0,0
3,120,1,1,0,0,0,0,0,0,0,0,0,0,0,0,0,0,0,0,0,0,0,0,0,0,0,0,0,0,0,0
4,160,1,0,0,0,0,0,0,0,0,0,0,0,0,0,0,0,0,0,0,0,0,0,0,0,0,0,0,0,0,0
5,200,1,1,0,0,0,0,0,0,0,0,0,0,0,0,0,0,0,0,0,0,0,0,0,0,0,0,0,0,0,0
6,240,1,0,0,0,0,0,0,0,0,0,0,0,0,0,0,0,0,0,0,0,0,0,0,0,0,0,0,0,0,0
7,280,1,1,0,0,0,0,0,0,0,0,0,0,0,0,0,0,0,0,0,0,0,0,0,0,0,0,0,0,0,0
8,320,1,0,0,0,0,0,0,0,0,0,0,0,0,0,0,0,0,0,0,0,0,0,0,0,0,0,0,0,0,0
9,360,1,1,0,0,0,0,0,0,0,0,0,0,0,0,0,0,0,0,0,0,0,0,0,0,0,0,0,0,0,0
10,400,1,0,0,0,0,0,0,0,0,0,0,0,0,0,0,0,0,0,0,0,0,0,0,0,0,0,0,0,0,0
11,440,1,1,0,0,0,0,0,0,0,0,0,0,0,0,0,0,0,0,0,0,0,0,0,0,0,0,0,0,0,0
12,480,1,0,0,0,0,0,0,0,0,0,0,0,0,0,0,0,0,0,0,0,0,0,0,0,0,0,0,0,0,0
13,520,1,1,0,0,0,0,0,0,0,0,0,0,0,0,0,0,0,0,0,0,0,0,0,0,0,0,0,0,0,0
14,560,1,0,0,0,0,0,0,0,0,0,0,0,0,0,0,0,0,0,0,0,0,0,0,0,0,0,0,0,0,0
15,600,1,1,0,0,0,0,0,0,0,0,0,0,0,0,0,0,0,0,0,0,0,0,0,0,0,0,0,0,0,0
16,640,1,0,0,0,0,0,0,0,0,0,0,0,0,0,0,0,0,0,0,0,0,0,0,0,0,0,0,0,0,0
17,680,1,1,0,0,0,0,0,0,0,0,0,0,0,0,0,0,0,0,0,0,0,0,0,0,0,0,0,0,0,0
18,720,1,0,0,0,0,0,0,0,0,0,0,0,0,0,0,0,0,0,0,0,0,0,0,0,0,0,0,0,0,0
19,760,1,1,0,0,0,0,0,0,0,0,0,0,0,0,0,0,0,0,0,0,0,0,0,0,0,0,0,0,0,0
20,800,1,0,0,0,0,0,0,0,0,0,0,0,0,0,0,0,0,0,0,0,0,0,0,0,0,0,0,0,0,0
21,840,1,1,0,0,0,0,0,0,0,0,0,0,0,0,0,0,0,0,0,0,0,0,0,0,0,0,0,0,0,0
22,880,1,0,0,0,0,0,0,0,0,0,0,0,0,0,0,0,0,0,0,0,0,0,0,0,0,0,0,0,0,0
23,920,1,1,0,0,0,0,0,0,0,0,0,0,0,0,0,0,0,0,0,0,0,0,0,0,0,0,0,0,0,0
24,960,1,0,0,0,0,0,0,0,0,0,0,0,0,0,0,0,0,0,0,0,0,0,0,0,0,0,0,0,0,0
25,1000,1,1,0,0,0,0,0,0,0,0,0,0,0,0,0,0,0,0,0,0,0,0,0,0,0,0,0,0,0,0
26,1040,1,0,0,0,0,0,0,0,0,0,0,0,0,0,0,0,0,0,0,0,0,0,0,0,0,0,0,0,0,0
27,1080,1,1,0,0,0,0,0,0,0,0,0,0,0,0,0,0,0,0,0,0,0,0,0,0,0,0,0,0,0,0
28,1120,1,0,0,0,0,0,0,0,0,0,0,0,0,0,0,0,0,0,0,0,0,0,0,0,0,0,0,0,0,0
29,1160,1,1,0,0,0,0,0,0,0,0,0,0,0,0,0,0,0,0,0,0,0,0,0,0,0,0,0,0,0,0
30,1200,1,0,0,0,0,0,0,0,0,0,0,0,0,0,0,0,0,0,0,0,0,0,0,0,0,0,0,0,0,0
31,1240,1,1,0,0,0,0,0,0,0,0,0,0,0,0,0,0,0,0,0,0,0,0,0,0,0,0,0,0,0,0
32,1280,1,0,0,0,0,0,0,0,0,0,0,0,0,0,0,0,0,0,0,0,0,0,0,0,0,0,0,0,0,0
33,1320,1,1,0,0,0,0,0,0,0,0,0,0,0,0,0,0,0,0,0,0,0,0,0,0,0,0,0,0,0,0
34,1360,1,0,0,0,0,0,0,0,0,0,0,0,0,0,0,0,0,0,0,0,0,0,0,0,0,0,0,0,0,0
35,1400,1,1,1,0,0,0,0,0,0,0,0,0,0,0,0,0,0,0,0,0,0,0,0,0,0,0,0,0,0,0
36,1420,1,1,1,1,1,0,0,0,0,0,1,0,1,0,0,0,0,0,0,0,0,0,0,0,0,0,0,0,0,0
36,1440,1,0,1,1,1,0,0,0,0,0,1,0,1,0,0,0,0,0,0,0,0,0,0,0,0,0,0,0,0,0
37,1460,1,0,1,1,1,0,0,0,0,0,1,0,0,0,0,1,0,0,0,1,0,0,0,0,0,0,0,0,0,0
38,1500,1,0,1,1,1,0,0,0,0,0,1,0,0,0,0,1,0,0,0,0,1,0,0,0,0,0,0,0,0,0
7169062,286762460,1,0,1,1,1,0,0,0,0,0,1,0,0,0,0,1,0,0,0,0,0,1,0,0,0,0,0,0,0,0
7169063,286762500,1,0,1,1,1,0,0,0,0,0,1,0,0,0,0,2,0,0,0,0,0,0,1,0,0,0,0,0,0,0
7169064,286762540,1,0,1,1,1,0,0,0,0,0,1,0,0,0,0,2,0,0,0,0,0,0,0,1,0,0,0,0,0,0
7301672,292066860,1,0,1,1,1,0,0,0,0,0,1,0,0,0,0,2,0,0,0,0,0,0,0,0,1,0,0,0,0,0
7301673,292066900,1,0,1,1,1,0,0,0,0,0,1,0,0,0,0,3,0,0,0,0,0,0,0,0,0,1,0,0,0,0
7301674,292066940,1,0,1,1,1,0,0,0,0,0,1,0,0,0,0,3,0,0,0,0,0,0,0,0,0,0,1,0,0,0
7302189,292087540,1,0,1,1,1,0,0,0,0,0,1,0,0,0,0,3,0,0,0,0,0,0,0,0,0,0,0,1,0,0
7302190,292087580,1,0,1,1,1,0,0,0,0,0,1,0,0,0,0,4,0,0,0,0,0,0,0,0,0,1,0,0,0,0
7302191,292087620,1,0,1,1,1,0,0,0,0,0,1,0,0,0,0,4,0,0,0,0,0,0,0,0,0,0,1,0,0,0
7302706,292108220,1,0,1,1,1,0,0,0,0,0,1,0,0,0,0,4,0,0,0,0,0,0,0,0,0,0,0,1,0,0
7302707,292108260,1,0,1,1,1,0,0,0,0,0,1,0,0,0,0,5,0,0,0,0,0,0,0,0,0,1,0,0,0,0
7302708,292108300,1,0,1,1,1,0,0,0,0,0,1,0,0,0,0,5,0,0,0,0,0,0,0,0,0,0,1,0,0,0
7303223,292128900,1,0,1,1,1,0,0,0,0,0,1,0,0,0,0,5,0,0,0,0,0,0,0,0,0,0,0,1,0,0
7303224,292128940,1,0,1,1,1,0,0,0,0,0,1,0,0,0,0,6,0,0,0,0,0,0,0,0,0,1,0,0,0,0
7303225,292128980,1,0,1,1,1,0,0,0,0,0,1,0,0,0,0,6,0,0,0,0,0,0,0,0,0,0,1,0,0,0
7303740,292149580,1,0,1,1,1,0,0,0,0,0,1,0,0,0,0,6,0,0,0,0,0,0,0,0,0,0,0,1,0,0
7303741,292149620,1,0,1,1,1,0,0,1,0,0,1,0,0,0,0,0,0,0,0,0,0,0,0,0,0,0,0,0,0,0
7303742,292149660,1,0,1,0,0,1,0,1,0,0,0,0,0,0,0,0,0,0,0,0,0,0,0,0,0,0,0,0,0,0
7303742,292149681,1,0,0,0,0,1,0,1,0,0,0,0,0,0,0,0,0,0,0,0,0,0,0,0,0,0,0,0,0,0
7303743,292149720,1,1,2,0,0,1,0,1,0,0,0,0,0,0,0,0,0,0,0,0,0,0,0,0,0,0,0,0,0,0
7303744,292149740,1,1,2,2,1,0,0,1,0,0,0,0,0,0,0,0,0,0,0,0,0,0,0,0,0,0,0,0,0,0
7303744,292149760,1,0,2,2,1,0,0,1,0,0,0,0,0,0,0,0,0,0,0,0,0,0,0,0,0,0,0,0,0,0
7303745,292149780,1,0,2,2,1,0,0,1,1,0,0,0,0,0,0,0,0,0,0,0,0,0,0,0,0,0,0,0,0,0
7303746,292149820,1,0,2,0,0,1,0,1,1,0,0,0,0,0,0,0,0,0,0,0,0,0,0,0,0,0,0,0,0,0
7303746,292149840,1,0,0,0,0,1,0,1,1,0,0,0,0,0,0,0,0,0,0,0,0,0,0,0,0,0,0,0,0,0
7303747,292149880,1,1,4,0,0,1,0,1,1,0,0,0,0,0,0,0,0,0,0,0,0,0,0,0,0,0,0,0,0,0
7303748,292149900,1,1,4,3,1,0,0,1,1,0,0,1,0,1,0,0,0,0,0,0,0,0,0,0,0,0,0,0,0,0
7303748,292149920,1,0,4,3,1,0,0,1,1,0,0,1,0,1,0,0,0,0,0,0,0,0,0,0,0,0,0,0,0,0
7303749,292149940,1,0,4,3,1,0,0,1,1,0,0,1,0,0,0,0,2,0,0,0,0,0,0,0,0,0,0,0,0,0
7303750,292149980,1,0,4,3,1,0,0,1,1,0,0,1,0,0,0,0,2,1,0,0,0,0,0,0,0,0,0,0,0,0
7305269,292210740,1,0,4,3,1,0,0,1,1,0,0,1,0,0,0,0,2,0,1,0,0,0,0,0,0,0,0,0,0,0
7305270,292210780,1,0,4,3,1,0,0,1,1,0,0,1,0,0,0,0,4,0,0,1,0,0,0,0,0,0,0,0,0,0
7305271,292210820,1,0,4,3,1,0,0,1,1,0,0,1,0,0,0,0,4,0,0,0,1,0,0,0,0,0,0,0,0,0
14474295,578971780,1,0,4,3,1,0,0,1,1,0,0,1,0,0,0,0,4,0,0,0,0,1,0,0,0,0,0,0,0,0
14474296,578971820,1,0,4,3,1,0,0,1,1,0,0,1,0,0,0,0,6,0,0,0,0,0,1,0,0,0,0,0,0,0
14474297,578971860,1,0,4,3,1,0,0,1,1,0,0,1,0,0,0,0,6,0,0,0,0,0,0,1,0,0,0,0,0,0
14606905,584276180,1,0,4,3,1,0,0,1,1,0,0,1,0,0,0,0,6,0,0,0,0,0,0,0,1,0,0,0,0,0
14606906,584276220,1,0,4,3,1,0,0,1,1,0,0,1,0,0,0,0,8,0,0,0,0,0,0,0,0,1,0,0,0,0
14606907,584276260,1,0,4,3,1,0,0,1,1,0,0,1,0,0,0,0,8,0,0,0,0,0,0,0,0,0,1,0,0,0
14607422,584296860,1,0,4,3,1,0,0,1,1,0,0,1,0,0,0,0,8,0,0,0,0,0,0,0,0,0,0,1,0,0
14607423,584296900,1,0,4,3,1,0,0,1,1,0,0,1,0,0,0,0,10,0,0,0,0,0,0,0,0,1,0,0,0,0
14607424,584296940,1,0,4,3,1,0,0,1,1,0,0,1,0,0,0,0,10,0,0,0,0,0,0,0,0,0,1,0,0,0
14607939,584317540,1,0,4,3,1,0,0,1,1,0,0,1,0,0,0,0,10,0,0,0,0,0,0,0,0,0,0,1,0,0
14607940,584317580,1,0,4,3,1,0,0,1,1,0,0,1,0,0,0,0,12,0,0,0,0,0,1,0,0,0,0,0,0,0
14607941,584317620,1,0,4,3,1,0,0,1,1,0,0,1,0,0,0,0,12,0,0,0,0,0,0,1,0,0,0,0,0,0
14740549,589621940,1,0,4,3,1,0,0,1,1,0,0,1,0,0,0,0,12,0,0,0,0,0,0,0,1,0,0,0,0,0
14740550,589621980,1,0,4,3,1,0,0,1,1,0,0,1,0,0,0,0,14,0,0,0,0,0,0,0,0,1,0,0,0,0
14740551,589622020,1,0,4,3,1,0,0,1,1,0,0,1,0,0,0,0,14,0,0,0,0,0,0,0,0,0,1,0,0,0
14741066,589642620,1,0,4,3,1,0,0,1,1,0,0,1,0,0,0,0,14,0,0,0,0,0,0,0,0,0,0,1,0,0
14741067,589642660,1,0,4,3,1,0,0,1,1,0,0,1,0,0,0,0,16,0,0,0,0,0,0,0,0,0,0,0,0,0
14741068,589642700,1,0,4,3,1,0,0,1,1,0,0,1,0,0,0,0,16,0,0,0,0,0,0,0,0,0,0,0,0,1
14741069,589642740,1,0,4,3,1,0,0,1,1,0,0,1,0,0,0,0,16,0,0,0,0,0,0,0,0,0,0,0,0,0
14741070,589642780,1,0,4,3,1,0,0,1,1,0,0,1,0,0,0,0,18,0,0,0,0,0,0,0,0,1,0,0,0,0
14741071,589642820,1,0,4,3,1,0,0,1,1,0,0,1,0,0,0,0,18,0,0,0,0,0,0,0,0,0,1,0,0,0
14741586,589663420,1,0,4,3,1,0,0,1,1,0,0,1,0,0,0,0,18,0,0,0,0,0,0,0,0,0,0,1,0,0
14741587,589663460,1,0,4,3,1,0,0,1,1,0,0,1,0,0,0,0,0,0,0,0,0,0,0,0,0,0,0,0,1,0
14741588,589663500,1,0,4,0,0,1,0,1,1,1,0,0,0,0,0,0,0,0,0,0,0,0,0,0,0,0,0,0,0,0
14741588,589663520,1,0,0,0,0,1,0,1,1,1,0,0,0,0,0,0,0,0,0,0,0,0,0,0,0,0,0,0,0,0
14741589,589663560,1,1,4,0,0,1,0,1,1,1,0,0,0,0,0,0,0,0,0,0,0,0,0,0,0,0,0,0,0,0
14741590,589663580,1,1,4,3,1,0,0,1,1,1,0,1,0,1,0,0,0,0,0,0,0,0,0,0,0,0,0,0,0,0
14741590,589663600,1,0,4,3,1,0,0,1,1,1,0,1,0,1,0,0,0,0,0,0,0,0,0,0,0,0,0,0,0,0
14741591,589663620,1,0,4,3,1,0,0,1,1,1,0,1,0,0,0,0,2,0,0,0,0,0,0,0,0,0,0,0,0,0
14741592,589663660,1,0,4,3,1,0,0,1,1,1,0,1,0,0,0,0,2,1,0,0,0,0,0,0,0,0,0,0,0,0
14743111,589724420,1,0,4,3,1,0,0,1,1,1,0,1,0,0,0,0,2,0,1,0,0,0,0,0,0,0,0,0,0,0
14743112,589724460,1,0,4,3,1,0,0,1,1,1,0,1,0,0,0,0,4,0,0,1,0,0,0,0,0,0,0,0,0,0
14743113,589724500,1,0,4,3,1,0,0,1,1,1,0,1,0,0,0,0,4,0,0,0,1,0,0,0,0,0,0,0,0,0
14743120,589724800,1,1,5,3,1,0,0,1,1,1,0,1,0,0,0,0,4,0,0,0,1,0,0,0,0,0,0,0,0,0
14743121,589724820,1,1,5,4,1,0,0,1,1,0,0,0,0,0,1,0,4,0,0,0,1,0,0,0,0,0,0,0,0,0
14743121,589724820,1,1,5,4,1,0,0,1,1,0,0,0,0,0,1,0,0,0,0,0,0,0,0,0,0,0,0,0,0,0
14743121,589724840,1,0,5,4,1,0,0,1,1,0,0,0,0,0,1,0,0,0,0,0,0,0,0,0,0,0,0,0,0,0
14743122,589724860,1,0,5,4,1,0,0,0,0,0,0,0,0,0,0,0,0,0,0,0,0,0,0,0,0,0,0,0,0,0
14743123,589724900,1,0,5,0,0,1,0,0,0,0,0,0,0,0,0,0,0,0,0,0,0,0,0,0,0,0,0,0,0,0
14743123,589724920,1,0,0,0,0,1,0,0,0,0,0,0,0,0,0,0,0,0,0,0,0,0,0,0,0,0,0,0,0,0
